sessionId,recordIndex,uploaded,pressure,temperature,light,do,ph,runtime,message,_id,time,lat,lon,sats,fix
4014a480-37a2-4872-a8b9-b586924b8211,00000,false,1025.75,29.84,6,38.26,0.39,1.5342006020000554,This is a test.,WcGbXdqf7WSvu6ZQ,2023-04-26T10:44:00.210Z,-4.576168333,55.463265,3,3
4014a480-37a2-4872-a8b9-b586924b8211,00001,false,1025.83,29.83,6,38.26,0.4,3.532605890999548,This is a test.,iojDrxAa3do3sBst,2023-04-26T10:44:03.000Z,-4.576161667,55.46329,1,3
4014a480-37a2-4872-a8b9-b586924b8211,00002,false,1025.93,29.83,6,38.26,0.39,5.538372003000404,This is a test.,sMTl1AkNUgN9lI35,2023-04-26T10:44:05.000Z,-4.57616,55.463316667,3,3
4014a480-37a2-4872-a8b9-b586924b8211,00003,false,1027.17,29.83,6,38.26,0.4,7.54056020400094,This is a test.,iPIKmMM284fkXXp5,2023-04-26T10:44:06.212Z,-4.576155,55.46334,3,3
4014a480-37a2-4872-a8b9-b586924b8211,00004,false,1026.52,29.82,6,38.26,0.4,9.54652831599924,This is a test.,yppvpj6skFxgEJCN,2023-04-26T10:44:09.000Z,-4.576153333,55.463353333,3,3
4014a480-37a2-4872-a8b9-b586924b8211,00005,false,1026.77,29.83,6,38.26,0.39,11.547978540000258,This is a test.,1f4yoootVngtWnin,2023-04-26T10:44:11.000Z,-4.576136667,55.463373333,3,3
4014a480-37a2-4872-a8b9-b586924b8211,00006,false,1026.87,29.81,6,38.26,0.41,13.556072605000736,This is a test.,zv1cgPHyoiS6zIu6,2023-04-26T10:44:12.205Z,-4.576128333,55.46337,3,3
4014a480-37a2-4872-a8b9-b586924b8211,00007,false,1026.23,29.81,6,38.26,0.41,15.553637928000171,This is a test.,3er9zKZktWYgfGy3,2023-04-26T10:44:15.000Z,-4.576123333,55.463358333,3,3
4014a480-37a2-4872-a8b9-b586924b8211,00008,false,1026.59,29.82,6,38.26,0.41,17.559718046000853,This is a test.,CQ6j08vCJLgKgw93,2023-04-26T10:44:17.000Z,-4.576115,55.463341667,3,3
4014a480-37a2-4872-a8b9-b586924b8211,00009,false,1026.29,29.82,6,38.26,0.41,19.560458297000878,This is a test.,hpFOcRxGpzBWHFSL,2023-04-26T10:44:18.213Z,-4.576116667,55.463328333,3,3
4014a480-37a2-4872-a8b9-b586924b8211,00010,false,1026.81,29.82,6,38.26,0.41,21.561300547000428,This is a test.,xiYyrVfpwjkKrYWt,2023-04-26T10:44:21.000Z,-4.57612,55.463313333,3,3
4014a480-37a2-4872-a8b9-b586924b8211,00011,false,1026.32,29.81,6,38.26,0.42,23.583233286000905,This is a test.,ckGdZ4QB7zurhBgW,2023-04-26T10:44:23.000Z,-4.576121667,55.463303333,3,3
4014a480-37a2-4872-a8b9-b586924b8211,00012,false,1026.77,29.81,6,38.26,0.42,25.586975469999743,This is a test.,5oyGEaqbUAfC6A8q,2023-04-26T10:44:24.214Z,-4.576138333,55.46329,3,3
4014a480-37a2-4872-a8b9-b586924b8211,00013,false,1026.24,29.82,6,38.26,0.42,27.577893969000797,This is a test.,gK9LzTk9llBqvFj8,2023-04-26T10:44:27.000Z,-4.576151667,55.463285,3,3
4014a480-37a2-4872-a8b9-b586924b8211,00014,false,1026.19,29.81,6,38.26,0.42,29.58942296799978,This is a test.,mnnddCjVZlJmQJgo,2023-04-26T10:44:29.000Z,-4.57615,55.463303333,3,3
4014a480-37a2-4872-a8b9-b586924b8211,00015,false,1027.18,29.81,6,38.26,0.42,31.589771241999188,This is a test.,YUOdYkIhhLOp0q21,2023-04-26T10:44:30.214Z,-4.576141667,55.463338333,3,3
4014a480-37a2-4872-a8b9-b586924b8211,00016,false,1026,29.81,6,38.26,0.43,33.59401542299929,This is a test.,OEXRkM8sLPpLSEiG,2023-04-26T10:44:33.000Z,-4.576131667,55.463358333,3,3
4014a480-37a2-4872-a8b9-b586924b8211,00017,false,1025.85,29.82,5,38.26,0.42,35.59283473799951,This is a test.,p6jevIvjAO3S1lQU,2023-04-26T10:44:35.000Z,-4.576135,55.46336,3,3
4014a480-37a2-4872-a8b9-b586924b8211,00018,false,1025.76,29.81,5,38.26,0.41,37.59580995400029,This is a test.,SbOw33ksJwaKafvZ,2023-04-26T10:44:36.214Z,-4.576145,55.463355,3,3
4014a480-37a2-4872-a8b9-b586924b8211,00019,false,1026.48,29.81,5,38.26,0.42,39.59983914700024,This is a test.,3ETKm4loaM0WvKrd,2023-04-26T10:44:39.000Z,-4.576143333,55.46336,3,3
4014a480-37a2-4872-a8b9-b586924b8211,00020,false,1026.49,29.82,5,38.26,0.42,41.603561350000746,This is a test.,mUIjplHp4RcXwGYZ,2023-04-26T10:44:41.000Z,-4.576143333,55.463356667,3,3
4014a480-37a2-4872-a8b9-b586924b8211,00021,false,1026.02,29.81,5,38.26,0.42,43.607068559000254,This is a test.,lqoeEEoIOgvUIXrB,2023-04-26T10:44:42.219Z,-4.576145,55.46335,3,3
4014a480-37a2-4872-a8b9-b586924b8211,00022,false,1026.65,29.81,5,38.26,0.42,45.61173174299984,This is a test.,lwtWGUbc2z2WgyaK,2023-04-26T10:44:45.000Z,-4.576143333,55.463356667,3,3
4014a480-37a2-4872-a8b9-b586924b8211,00023,false,1026.07,29.81,5,38.26,0.43,47.613889989999734,This is a test.,hGz20JHCOBx4B0UG,2023-04-26T10:44:47.000Z,-4.576145,55.463366667,3,3
4014a480-37a2-4872-a8b9-b586924b8211,00024,false,1026.45,29.81,6,38.26,0.4,49.61958015299933,This is a test.,nkbXp5Gkg7IiQlsj,2023-04-26T10:44:48.219Z,-4.57614,55.46339,3,3
4014a480-37a2-4872-a8b9-b586924b8211,00025,false,1026.07,29.81,5,38.26,0.43,51.62646929000039,This is a test.,mr0BfXVu9qi5TySA,2023-04-26T10:44:51.000Z,-4.576123333,55.463426667,3,3
4014a480-37a2-4872-a8b9-b586924b8211,00026,false,1026.46,29.81,5,38.26,0.45,53.62694458400074,This is a test.,DImpoq49axCgaxfj,2023-04-26T10:44:53.000Z,-4.576105,55.463461667,3,3
4014a480-37a2-4872-a8b9-b586924b8211,00027,false,1026.86,29.82,5,38.26,0.42,55.630337808999684,This is a test.,DRpF5nb2KP1K4KgR,2023-04-26T10:44:54.209Z,-4.57609,55.46349,3,3
4014a480-37a2-4872-a8b9-b586924b8211,00028,false,1025.89,29.81,5,38.26,0.43,57.633462043999316,This is a test.,8GdRVzZlqbPmscBl,2023-04-26T10:44:57.000Z,-4.576071667,55.463523333,3,3
4014a480-37a2-4872-a8b9-b586924b8211,00029,false,1026.48,29.8,5,38.26,0.43,59.637145266000516,This is a test.,Z96osl9ipeX6OGpy,2023-04-26T10:44:59.000Z,-4.57605,55.463563333,3,3
4014a480-37a2-4872-a8b9-b586924b8211,00030,false,1026.03,29.81,5,38.26,0.42,61.63994751199971,This is a test.,Iis7q9W8AzCcReGV,2023-04-26T10:45:00.211Z,-4.57602,55.463616667,3,3
4014a480-37a2-4872-a8b9-b586924b8211,00031,false,1026.39,29.81,5,38.26,0.35,63.64780363799946,This is a test.,i5J8BMCRR60vWq6H,2023-04-26T10:45:03.000Z,-4.575991667,55.463671667,3,3
4014a480-37a2-4872-a8b9-b586924b8211,00032,false,1026.2,29.82,5,38.26,0,65.65001290200053,This is a test.,LdwnF6uVq52qrmI7,2023-04-26T10:45:05.000Z,-4.57597,55.463716667,3,3
4014a480-37a2-4872-a8b9-b586924b8211,00033,false,1026.36,29.82,5,38.26,0,67.65347913900041,This is a test.,r68TxBVfcvWaSTsc,2023-04-26T10:45:06.213Z,-4.57595,55.463748333,3,3
4014a480-37a2-4872-a8b9-b586924b8211,00034,false,1025.88,29.83,5,38.26,0,69.6567473819996,This is a test.,1fXqHIrHUlJxPpp7,2023-04-26T10:45:09.000Z,-4.57593,55.463788333,3,3
4014a480-37a2-4872-a8b9-b586924b8211,00035,false,1026.71,29.83,6,38.26,0,71.66161958799967,This is a test.,B6hmTiI6rDOFuiSf,2023-04-26T10:45:11.000Z,-4.575905,55.463823333,3,3
4014a480-37a2-4872-a8b9-b586924b8211,00036,false,1026,29.83,6,38.26,0,73.66681778800012,This is a test.,yQIvzoZKECsvpOKM,2023-04-26T10:45:12.210Z,-4.57589,55.463845,3,3
4014a480-37a2-4872-a8b9-b586924b8211,00037,false,1026.94,29.83,6,38.26,0.53,75.67702786900009,This is a test.,plNR73GeI0jM2LSu,2023-04-26T10:45:15.000Z,-4.575906667,55.463821667,3,3
4014a480-37a2-4872-a8b9-b586924b8211,00038,false,1026.09,29.83,5,38.26,0.49,77.68263006300003,This is a test.,aiC56KbuHvAwWeQA,2023-04-26T10:45:17.000Z,-4.575913333,55.463801667,3,3
4014a480-37a2-4872-a8b9-b586924b8211,00039,false,1026.23,29.84,5,38.26,0.5,79.68660529999943,This is a test.,SHmzCfzaLyYvDD7Q,2023-04-26T10:45:18.212Z,-4.575925,55.46376,3,3
4014a480-37a2-4872-a8b9-b586924b8211,00040,false,1026.92,29.82,5,38.26,0.5,81.69023854599982,This is a test.,ii6GdxQKgvGrB4dI,2023-04-26T10:45:21.000Z,-4.575921667,55.463726667,3,3
4014a480-37a2-4872-a8b9-b586924b8211,00041,false,1026.94,29.82,5,38.26,0.5,83.69965765400048,This is a test.,biK9vjJhURQe5ln8,2023-04-26T10:45:23.000Z,-4.575928333,55.463686667,3,3
4014a480-37a2-4872-a8b9-b586924b8211,00042,false,1026.88,29.8,5,38.26,0.5,85.69912800599923,This is a test.,Xg90RRXSlQOXGiZM,2023-04-26T10:45:25.000Z,-4.575938333,55.463655,3,3
4014a480-37a2-4872-a8b9-b586924b8211,00043,false,1026.26,29.81,5,38.26,0.49,87.70248126499973,This is a test.,d2MKN3sy5jNCUjFS,2023-04-26T10:45:27.000Z,-4.57594,55.463643333,3,3
4014a480-37a2-4872-a8b9-b586924b8211,00044,false,1026.7,29.8,5,38.26,0.5,89.70497554699978,This is a test.,VDRhCU5y97nwM2Wg,2023-04-26T10:45:29.000Z,-4.575953333,55.463613333,3,3
4014a480-37a2-4872-a8b9-b586924b8211,00045,false,1026.24,29.78,5,38.26,0.5,91.70961078000073,This is a test.,yFJNyAzi2ltcjxwq,2023-04-26T10:45:31.000Z,-4.575975,55.463576667,3,3
4014a480-37a2-4872-a8b9-b586924b8211,00046,false,1026.11,29.79,5,38.26,0.51,93.71686894999948,This is a test.,Noq1l9ADkNUzk6Zx,2023-04-26T10:45:33.000Z,-4.575986667,55.463558333,3,3
4014a480-37a2-4872-a8b9-b586924b8211,00047,false,1025.76,29.79,5,38.26,0.51,95.71931223899992,This is a test.,hul993XTGJLXNQQV,2023-04-26T10:45:35.000Z,-4.576,55.463545,3,3
4014a480-37a2-4872-a8b9-b586924b8211,00048,false,1026.38,29.78,5,38.26,0.51,97.73370224000064,This is a test.,wXf0eBCyURo3JfaO,2023-04-26T10:45:37.000Z,-4.576011667,55.463536667,3,3
4014a480-37a2-4872-a8b9-b586924b8211,00049,false,1026.35,29.78,5,38.26,0.51,99.73377159099982,This is a test.,jsOpRDE71YJxGQgh,2023-04-26T10:45:39.000Z,-4.576028333,55.46352,3,3
4014a480-37a2-4872-a8b9-b586924b8211,00050,false,1026.44,29.78,5,38.26,0.51,101.73847283100076,This is a test.,aPc79ycfzMw24aXL,2023-04-26T10:45:41.000Z,-4.576026667,55.463526667,3,3
4014a480-37a2-4872-a8b9-b586924b8211,00051,false,1026.5,29.78,5,38.26,0.51,103.74183210599949,This is a test.,QjjoQQMvTGdRjsQ8,2023-04-26T10:45:43.000Z,-4.576028333,55.463538333,3,3
4014a480-37a2-4872-a8b9-b586924b8211,00052,false,1026.06,29.77,5,38.26,0.5,105.74556437399951,This is a test.,hTRzxg3fnWX4YpD3,2023-04-26T10:45:45.000Z,-4.576023333,55.463558333,3,3
4014a480-37a2-4872-a8b9-b586924b8211,00053,false,1026.62,29.75,5,38.26,0.5,107.75029361999987,This is a test.,8lcFvlAvxsodWMtT,2023-04-26T10:45:47.000Z,-4.576018333,55.463575,3,3
4014a480-37a2-4872-a8b9-b586924b8211,00054,false,1026.81,29.75,5,38.26,0.51,109.75411488899954,This is a test.,QZoxQIaqBuui8e1j,2023-04-26T10:45:49.000Z,-4.576018333,55.463583333,3,3
4014a480-37a2-4872-a8b9-b586924b8211,00055,false,1025.69,29.76,5,38.26,0.51,111.75892613600081,This is a test.,i1tlIRpnRquSnCb5,2023-04-26T10:45:51.000Z,-4.57602,55.463586667,3,3
4014a480-37a2-4872-a8b9-b586924b8211,00056,false,1025.69,29.76,5,38.26,0.52,113.76270141100031,This is a test.,tpu4WGm8ndFDbo6u,2023-04-26T10:45:53.000Z,-4.576015,55.463598333,3,3
4014a480-37a2-4872-a8b9-b586924b8211,00057,false,1026.5,29.76,5,38.26,0.51,115.77789340900017,This is a test.,dFB1hCywrrAKxEZB,2023-04-26T10:45:55.000Z,-4.576003333,55.46362,3,3
4014a480-37a2-4872-a8b9-b586924b8211,00058,false,1025.69,29.74,5,38.26,0.52,117.77739679099977,This is a test.,QZGXBNHkgcx8ngQS,2023-04-26T10:45:57.000Z,-4.575991667,55.463641667,3,3
4014a480-37a2-4872-a8b9-b586924b8211,00059,false,1026.55,29.75,5,38.26,0.51,119.77754416000062,This is a test.,NW9oWzG1tvDKQzb1,2023-04-26T10:45:59.000Z,-4.575991667,55.463656667,3,3
4014a480-37a2-4872-a8b9-b586924b8211,00060,false,1026.31,29.75,5,38.26,0.51,121.78811727600078,This is a test.,FDaO6urBJ0w6trXz,2023-04-26T10:46:01.000Z,-4.575983333,55.463676667,3,3
4014a480-37a2-4872-a8b9-b586924b8211,00061,false,1026.42,29.74,5,38.26,0.5,123.78436274299929,This is a test.,VEtpetMSGFV8JYod,2023-04-26T10:46:03.000Z,-4.575968333,55.463698333,3,3
4014a480-37a2-4872-a8b9-b586924b8211,00062,false,1026.35,29.75,5,38.26,0.5,125.79061496900067,This is a test.,CKc8O5wsjd7FyeGO,2023-04-26T10:46:05.000Z,-4.575955,55.463725,3,3
4014a480-37a2-4872-a8b9-b586924b8211,00063,false,1026.01,29.74,6,38.26,0.51,127.78424650200031,This is a test.,ruViftpnFBBPSXvy,2023-04-26T10:46:07.000Z,-4.575946667,55.463741667,3,3
4014a480-37a2-4872-a8b9-b586924b8211,00064,false,1026.51,29.74,6,38.26,0.5,129.80556136499945,This is a test.,ucj7o3Zdy9TiIHR3,2023-04-26T10:46:09.000Z,-4.575941667,55.463743333,3,3
4014a480-37a2-4872-a8b9-b586924b8211,00065,false,1025.91,29.74,5,38.26,0,131.81808344400088,This is a test.,1JcO0pJaplQIRUre,2023-04-26T10:46:11.000Z,-4.575931667,55.463756667,3,3
4014a480-37a2-4872-a8b9-b586924b8211,00066,false,1026.53,29.74,6,38.26,0,133.81263096099974,This is a test.,3BBqIyyE9Jx9Cac4,2023-04-26T10:46:13.000Z,-4.575916667,55.463768333,3,3
4014a480-37a2-4872-a8b9-b586924b8211,00067,false,1026.47,29.72,6,38.26,0.12,135.81768122500034,This is a test.,cjGpWEdSPgRmQ7Pi,2023-04-26T10:46:15.000Z,-4.575901667,55.46378,3,3
4014a480-37a2-4872-a8b9-b586924b8211,00068,false,1026.46,29.73,6,38.26,2.27,137.82411745699937,This is a test.,uwVupYgjMQy3TB6M,2023-04-26T10:46:17.000Z,-4.575888333,55.463786667,3,3
4014a480-37a2-4872-a8b9-b586924b8211,00069,false,1026.39,29.75,6,38.26,2.5,139.82534681700054,This is a test.,Vz5JKSvUpxhzajkT,2023-04-26T10:46:19.000Z,-4.575878333,55.463795,3,3
4014a480-37a2-4872-a8b9-b586924b8211,00070,false,1026.71,29.73,6,38.26,2.81,141.81894736499999,This is a test.,WVOWBeT9SpR38LMG,2023-04-26T10:46:21.000Z,-4.575861667,55.463805,3,3
4014a480-37a2-4872-a8b9-b586924b8211,00071,false,1026.89,29.75,6,38.26,2.81,143.8336314019998,This is a test.,PeGBY74QRWwa7yYh,2023-04-26T10:46:23.000Z,-4.575848333,55.463813333,3,3
4014a480-37a2-4872-a8b9-b586924b8211,00072,false,1026.67,29.74,6,38.26,2.82,145.82800293400032,This is a test.,GKtTALhWUzpC8ljI,2023-04-26T10:46:25.000Z,-4.575838333,55.463825,3,3
4014a480-37a2-4872-a8b9-b586924b8211,00073,false,1026.9,29.74,6,38.26,2.81,147.84783384900038,This is a test.,roO9mFIj92IOuWOd,2023-04-26T10:46:27.000Z,-4.575821667,55.463833333,3,3
4014a480-37a2-4872-a8b9-b586924b8211,00074,false,1025.95,29.72,6,38.26,2.78,149.84682027300005,This is a test.,qyp6aQyB0QTp4Zae,2023-04-26T10:46:29.000Z,-4.575806667,55.46384,3,3
4014a480-37a2-4872-a8b9-b586924b8211,00075,false,1025.99,29.72,6,38.26,2.81,151.84970660399995,This is a test.,J0ELqwzRI6JCpyh9,2023-04-26T10:46:31.000Z,-4.575795,55.463846667,3,3
4014a480-37a2-4872-a8b9-b586924b8211,00076,false,1027.73,29.74,5,38.26,2.85,153.8556948610003,This is a test.,StTtLLVJkhCjm7Iv,2023-04-26T10:46:33.000Z,-4.575781667,55.463853333,3,3
4014a480-37a2-4872-a8b9-b586924b8211,00077,false,1027.17,29.75,5,38.26,2.86,155.85010340100052,This is a test.,dG5L1q4mvapdTsao,2023-04-26T10:46:35.000Z,-4.575766667,55.463858333,3,3
4014a480-37a2-4872-a8b9-b586924b8211,00078,false,1028.37,29.77,5,38.26,2.87,157.86595042199951,This is a test.,SrZdKlUmTWX4vQbD,2023-04-26T10:46:37.000Z,-4.575748333,55.463866667,3,3
4014a480-37a2-4872-a8b9-b586924b8211,00079,false,1027.63,29.76,5,38.26,2.87,159.86908975299957,This is a test.,s0YNUUym2clW8YA7,2023-04-26T10:46:39.000Z,-4.575728333,55.463878333,3,3
4014a480-37a2-4872-a8b9-b586924b8211,00080,false,1027.12,29.75,5,38.26,2.85,161.87220908699965,This is a test.,yLIWQpWecaLmHtii,2023-04-26T10:46:41.000Z,-4.575765,55.463855,3,3
4014a480-37a2-4872-a8b9-b586924b8211,00081,false,1027.11,29.73,5,38.26,2.85,163.87553741800002,This is a test.,ebNh55qN4IkRphOP,2023-04-26T10:46:43.000Z,-4.575765,55.463876667,3,3
4014a480-37a2-4872-a8b9-b586924b8211,00082,false,1027.03,29.73,5,38.26,2.84,165.88359263500024,This is a test.,49C5ikGXrbuEgSds,2023-04-26T10:46:45.000Z,-4.575773333,55.463881667,3,3
4014a480-37a2-4872-a8b9-b586924b8211,00083,false,1026.73,29.73,5,38.26,2.84,167.88361704899944,This is a test.,g7Wcbc67XGQ8OQ6x,2023-04-26T10:46:47.000Z,-4.575788333,55.463881667,3,3
4014a480-37a2-4872-a8b9-b586924b8211,00084,false,1026.76,29.72,5,38.26,2.84,169.88520142699963,This is a test.,X3bpk0yVrUV4fjYY,2023-04-26T10:46:49.000Z,-4.575815,55.463871667,3,3
4014a480-37a2-4872-a8b9-b586924b8211,00085,false,1026.96,29.73,5,38.26,2.83,171.89194068100005,This is a test.,esCZrIXm0AqzKeP6,2023-04-26T10:46:51.000Z,-4.575855,55.463845,3,3
4014a480-37a2-4872-a8b9-b586924b8211,00086,false,1027.02,29.75,5,38.26,2.83,173.89293407699915,This is a test.,SjFlmZcx3cFC5Mzk,2023-04-26T10:46:53.000Z,-4.575885,55.463813333,3,3
4014a480-37a2-4872-a8b9-b586924b8211,00087,false,1026.88,29.74,5,38.26,2.83,175.89844036400063,This is a test.,2x0A2c40TTL5ZVJX,2023-04-26T10:46:55.000Z,-4.5759,55.463788333,3,3
4014a480-37a2-4872-a8b9-b586924b8211,00088,false,1027.18,29.74,5,38.26,2.83,177.9041906479997,This is a test.,tDKQYmljEjxhMifo,2023-04-26T10:46:57.000Z,-4.575908333,55.463766667,3,3
4014a480-37a2-4872-a8b9-b586924b8211,00089,false,1026.91,29.74,5,38.26,2.82,179.91116290299942,This is a test.,f0EABTNcZL4bYWqG,2023-04-26T10:46:59.000Z,-4.575911667,55.463753333,3,3
4014a480-37a2-4872-a8b9-b586924b8211,00090,false,1026.61,29.75,5,38.26,2.81,181.90903038100078,This is a test.,7uIwETkPPW0js9xi,2023-04-26T10:47:01.000Z,-4.575915,55.463745,3,3
4014a480-37a2-4872-a8b9-b586924b8211,00091,false,1026.95,29.76,5,38.26,2.81,183.9161246370004,This is a test.,9ys2Zb9kIgq15We8,2023-04-26T10:47:03.000Z,-4.575913333,55.463741667,3,3
4014a480-37a2-4872-a8b9-b586924b8211,00092,false,1026.58,29.74,5,38.26,2.82,185.9161170669995,This is a test.,q90ZTrKxS1kWVrZa,2023-04-26T10:47:05.000Z,-4.575913333,55.463735,3,3
4014a480-37a2-4872-a8b9-b586924b8211,00093,false,1026.62,29.77,5,38.26,2.82,187.92840520000027,This is a test.,2VAT7rEBg3dghdh1,2023-04-26T10:47:07.000Z,-4.575913333,55.46373,3,3
4014a480-37a2-4872-a8b9-b586924b8211,00094,false,1026.91,29.76,5,38.26,2.82,189.95172806700066,This is a test.,yUrRceZiWRM9HDr0,2023-04-26T10:47:09.000Z,-4.57591,55.463738333,3,3
4014a480-37a2-4872-a8b9-b586924b8211,00095,false,1027.4,29.76,5,38.26,2.82,191.93279096100014,This is a test.,THytTdcfeYdk8rcN,2023-04-26T10:47:11.000Z,-4.575906667,55.463741667,3,3
4014a480-37a2-4872-a8b9-b586924b8211,00096,false,1026.71,29.77,5,38.26,2.82,193.9378382750001,This is a test.,KBsWjZ3AcDTQkV2b,2023-04-26T10:47:11.000Z,-4.575906667,55.463741667,0,1
4014a480-37a2-4872-a8b9-b586924b8211,00097,false,1026.74,29.76,5,38.26,2.82,195.95675725299952,This is a test.,w2vVeo9QPfS6UhzU,2023-04-26T10:47:15.000Z,-4.575901667,55.463748333,2,3
4014a480-37a2-4872-a8b9-b586924b8211,00098,false,1026.73,29.75,5,38.26,2.82,197.94668293699942,This is a test.,xnDW7KqxuYh6I8pt,2023-04-26T10:47:15.000Z,-4.575901667,55.463748333,0,1
4014a480-37a2-4872-a8b9-b586924b8211,00099,false,1026.52,29.76,5,38.26,2.82,199.9491163189996,This is a test.,aLv5zOdX9OOMWALV,2023-04-26T10:47:15.000Z,-4.575901667,55.463748333,0,1
4014a480-37a2-4872-a8b9-b586924b8211,00100,false,1026.99,29.77,5,38.26,2.82,201.95918251699914,This is a test.,QTOUsYCurPyXd1QI,2023-04-26T10:47:15.000Z,-4.575901667,55.463748333,0,1
4014a480-37a2-4872-a8b9-b586924b8211,00101,false,1026.58,29.78,5,38.26,2.83,203.95724500899996,This is a test.,e1JBMOlnxNiNHdkU,2023-04-26T10:47:15.000Z,-4.575901667,55.463748333,0,1
4014a480-37a2-4872-a8b9-b586924b8211,00102,false,1026.46,29.77,5,38.26,2.82,205.9631123119998,This is a test.,5ObnRMgn4ELws3yz,2023-04-26T10:47:15.000Z,-4.575901667,55.463748333,0,1
4014a480-37a2-4872-a8b9-b586924b8211,00103,false,1026.6,29.77,5,38.26,2.82,207.9648967159992,This is a test.,vZwXKpb7wrlHdrNm,2023-04-26T10:47:15.000Z,-4.575901667,55.463748333,0,1
4014a480-37a2-4872-a8b9-b586924b8211,00104,false,1026.54,29.77,5,38.26,2.82,209.96887206800056,This is a test.,r2PN4vHwqtmluiW4,2023-04-26T10:47:15.000Z,-4.575901667,55.463748333,0,1
4014a480-37a2-4872-a8b9-b586924b8211,00105,false,1025.91,29.77,5,38.26,2.82,211.97454438100067,This is a test.,Qvc2zJVM4A0VKCod,2023-04-26T10:47:15.000Z,-4.575901667,55.463748333,0,1
4014a480-37a2-4872-a8b9-b586924b8211,00106,false,1026.07,29.76,5,38.26,2.82,213.97511481900074,This is a test.,wkK1p5QGrdGELTC4,2023-04-26T10:47:15.000Z,-4.575901667,55.463748333,0,1
4014a480-37a2-4872-a8b9-b586924b8211,00107,false,1026.71,29.77,5,38.26,2.82,215.97940816899973,This is a test.,uvYla6KX3p12UkQD,2023-04-26T10:47:15.000Z,-4.575901667,55.463748333,0,1
4014a480-37a2-4872-a8b9-b586924b8211,00108,false,1026.91,29.76,5,38.26,2.82,217.98285754000062,This is a test.,DohDQL10I5fMSVtn,2023-04-26T10:47:15.000Z,-4.575901667,55.463748333,0,1
4014a480-37a2-4872-a8b9-b586924b8211,00109,false,1026.66,29.77,5,38.26,2.83,219.99051481099923,This is a test.,uT3JHhi3zcHcaszs,2023-04-26T10:47:15.000Z,-4.575901667,55.463748333,0,1
4014a480-37a2-4872-a8b9-b586924b8211,00110,false,1026.4,29.76,5,38.26,2.82,221.99091426000086,This is a test.,66HJSDhTwF2FAr6Z,2023-04-26T10:47:15.000Z,-4.575901667,55.463748333,0,1
4014a480-37a2-4872-a8b9-b586924b8211,00111,false,1026.26,29.77,5,38.26,2.82,223.99860853300015,This is a test.,b0LskLM9kRW1WKwW,2023-04-26T10:47:43.000Z,-4.57601,55.463726667,3,3
4014a480-37a2-4872-a8b9-b586924b8211,00112,false,1026.3,29.77,5,38.26,2.82,226.0028628910004,This is a test.,aWBhyKZYfx0lBod1,2023-04-26T10:47:45.000Z,-4.576055,55.463723333,3,3
4014a480-37a2-4872-a8b9-b586924b8211,00113,false,1026.7,29.78,5,38.26,2.82,228.0076492370008,This is a test.,4VHnYzOlOC43sChK,2023-04-26T10:47:47.000Z,-4.576068333,55.463711667,3,3
4014a480-37a2-4872-a8b9-b586924b8211,00114,false,1026.74,29.76,5,38.26,2.82,230.0083766839998,This is a test.,uUQj1mZCYBUL8FwQ,2023-04-26T10:47:49.000Z,-4.576095,55.463708333,3,3
4014a480-37a2-4872-a8b9-b586924b8211,00115,false,1026.25,29.77,5,38.26,2.82,232.01498498900037,This is a test.,sXX1QDLYGN2ppSAW,2023-04-26T10:47:51.000Z,-4.576096667,55.463708333,3,3
4014a480-37a2-4872-a8b9-b586924b8211,00116,false,1026.92,29.77,5,38.26,2.82,234.01584543600075,This is a test.,n4765c5UZt1FwRpb,2023-04-26T10:47:53.000Z,-4.576093333,55.463703333,3,3
4014a480-37a2-4872-a8b9-b586924b8211,00117,false,1026.4,29.79,5,38.26,2.83,236.02205575399967,This is a test.,1B2IteWADYtx2ajb,2023-04-26T10:47:55.000Z,-4.5761,55.463691667,3,3
4014a480-37a2-4872-a8b9-b586924b8211,00118,false,1026.17,29.77,5,38.26,2.82,238.02687610700013,This is a test.,pqqXQFzMDAOx3Whd,2023-04-26T10:47:57.000Z,-4.576111667,55.46368,3,3
4014a480-37a2-4872-a8b9-b586924b8211,00119,false,1026.51,29.77,4,38.26,2.82,240.03062148800018,This is a test.,U2qWL7xKPr5asv1M,2023-04-26T10:47:59.000Z,-4.576108333,55.463666667,3,3
4014a480-37a2-4872-a8b9-b586924b8211,00120,false,1026.37,29.79,5,38.26,2.82,242.0361948259997,This is a test.,HdH7DVLtCwaT2EpH,2023-04-26T10:48:01.000Z,-4.576113333,55.463655,3,3
4014a480-37a2-4872-a8b9-b586924b8211,00121,false,1026.27,29.78,5,38.26,2.83,244.03937022399987,This is a test.,lnBzrEsne5f0cUzZ,2023-04-26T10:48:03.000Z,-4.57611,55.463641667,3,3
4014a480-37a2-4872-a8b9-b586924b8211,00122,false,1026.54,29.78,5,38.26,2.83,246.0409636610002,This is a test.,WymalMvrNSmaigNC,2023-04-26T10:48:05.000Z,-4.576113333,55.463628333,3,3
4014a480-37a2-4872-a8b9-b586924b8211,00123,false,1026.38,29.78,5,38.26,2.83,248.04913794099957,This is a test.,7Xt5shYos113svE7,2023-04-26T10:48:05.000Z,-4.576113333,55.463628333,0,1
4014a480-37a2-4872-a8b9-b586924b8211,00124,false,1026.33,29.77,5,38.26,2.82,250.04737746200044,This is a test.,5iXOVZQOu7A7m49r,2023-04-26T10:48:05.000Z,-4.576113333,55.463628333,0,1
4014a480-37a2-4872-a8b9-b586924b8211,00125,false,1026.61,29.77,5,38.26,2.83,252.0522348249997,This is a test.,94FeboUsfMkSFRYF,2023-04-26T10:48:05.000Z,-4.576113333,55.463628333,0,1
4014a480-37a2-4872-a8b9-b586924b8211,00126,false,1026.39,29.77,5,38.26,2.83,254.05627120899953,This is a test.,aq8HpcmIKoj74Jtf,2023-04-26T10:48:05.000Z,-4.576113333,55.463628333,0,1
4014a480-37a2-4872-a8b9-b586924b8211,00127,false,1026.39,29.78,5,38.26,2.83,256.0627345360008,This is a test.,A2gWZwSVA8hCyBaU,2023-04-26T10:48:05.000Z,-4.576113333,55.463628333,0,1
4014a480-37a2-4872-a8b9-b586924b8211,00128,false,1026.06,29.77,5,38.26,2.83,258.0636020000002,This is a test.,i8GIWuxAVFrIP5b4,2023-04-26T10:48:05.000Z,-4.576113333,55.463628333,0,1
4014a480-37a2-4872-a8b9-b586924b8211,00129,false,1027.25,29.76,5,38.26,2.83,260.06719339899973,This is a test.,M7EMTupIJOpcUY8E,2023-04-26T10:48:05.000Z,-4.576113333,55.463628333,0,1
4014a480-37a2-4872-a8b9-b586924b8211,00130,false,1026.24,29.76,5,38.26,2.83,262.07454470800076,This is a test.,9c6BubBc3ymWyHi4,2023-04-26T10:48:05.000Z,-4.576113333,55.463628333,0,1
4014a480-37a2-4872-a8b9-b586924b8211,00131,false,1026.99,29.78,5,38.26,2.83,264.0748061909999,This is a test.,plDMLCaeakForjSR,2023-04-26T10:48:05.000Z,-4.576113333,55.463628333,0,1
4014a480-37a2-4872-a8b9-b586924b8211,00132,false,1026.15,29.77,5,38.26,2.83,266.07951456699993,This is a test.,GDMBDrR3yLEtWr30,2023-04-26T10:48:05.000Z,-4.576113333,55.463628333,0,1
4014a480-37a2-4872-a8b9-b586924b8211,00133,false,1027.18,29.76,5,38.26,2.83,268.08570590899944,This is a test.,2DGzGWXyldczUcM7,2023-04-26T10:48:05.000Z,-4.576113333,55.463628333,0,1
4014a480-37a2-4872-a8b9-b586924b8211,00134,false,1026.48,29.76,5,38.26,2.83,270.0844884319995,This is a test.,36eC0ZzKauayq8iw,2023-04-26T10:48:05.000Z,-4.576113333,55.463628333,0,1
4014a480-37a2-4872-a8b9-b586924b8211,00135,false,1026.35,29.77,5,38.26,2.83,272.08047902399994,This is a test.,MTrQXnKcm5xVohfo,2023-04-26T10:48:05.000Z,-4.576113333,55.463628333,0,1
4014a480-37a2-4872-a8b9-b586924b8211,00136,false,1026.29,29.77,5,38.26,2.83,274.0926452250005,This is a test.,CXuSSnyPqNLMQsAl,2023-04-26T10:48:05.000Z,-4.576113333,55.463628333,0,1
4014a480-37a2-4872-a8b9-b586924b8211,00137,false,1026.2,29.77,5,38.26,2.83,276.10061952899923,This is a test.,Y3P31kXwj8LjTXdi,2023-04-26T10:48:05.000Z,-4.576113333,55.463628333,0,1
4014a480-37a2-4872-a8b9-b586924b8211,00138,false,1026.87,29.77,5,38.26,2.83,278.1033189619993,This is a test.,1t90ihfcKFIHAnpY,2023-04-26T10:48:05.000Z,-4.576113333,55.463628333,0,1
4014a480-37a2-4872-a8b9-b586924b8211,00139,false,1026.57,29.77,5,38.26,2.83,280.1064433869997,This is a test.,jhunUE0VpvhPnBlg,2023-04-26T10:48:05.000Z,-4.576113333,55.463628333,0,1
4014a480-37a2-4872-a8b9-b586924b8211,00140,false,1026,29.77,5,38.26,2.83,282.1096028110005,This is a test.,a81ejvkLzOxJsdxg,2023-04-26T10:48:05.000Z,-4.576113333,55.463628333,0,1
4014a480-37a2-4872-a8b9-b586924b8211,00141,false,1026.46,29.77,5,38.26,2.83,284.1128525719996,This is a test.,qUOfJjh3IoKWFC5p,2023-04-26T10:48:05.000Z,-4.576113333,55.463628333,0,1
4014a480-37a2-4872-a8b9-b586924b8211,00142,false,1026.03,29.78,5,38.26,2.83,286.11621961499986,This is a test.,Qzp66Qy1k01u3sLc,2023-04-26T10:48:05.000Z,-4.576113333,55.463628333,0,1
4014a480-37a2-4872-a8b9-b586924b8211,00143,false,1026.18,29.77,5,38.26,2.83,288.12407879700004,This is a test.,ZgFdpP567V9neojT,2023-04-26T10:48:05.000Z,-4.576113333,55.463628333,0,1
4014a480-37a2-4872-a8b9-b586924b8211,00144,false,1026.01,29.78,5,38.26,2.83,290.12574754100024,This is a test.,cOtoaJzMlyHmTzBj,2023-04-26T10:48:05.000Z,-4.576113333,55.463628333,0,1
4014a480-37a2-4872-a8b9-b586924b8211,00145,false,1026.23,29.79,5,38.26,2.83,292.1278169870002,This is a test.,mtbnONRD1BjyLEzQ,2023-04-26T10:48:05.000Z,-4.576113333,55.463628333,0,1
4014a480-37a2-4872-a8b9-b586924b8211,00146,false,1026,29.79,5,38.26,2.84,294.131785173,This is a test.,M78eFQk4no4jf5Dl,2023-04-26T10:48:05.000Z,-4.576113333,55.463628333,0,1
4014a480-37a2-4872-a8b9-b586924b8211,00147,false,1026.75,29.77,5,38.26,2.84,296.1387411169999,This is a test.,BOnqEu1j9um89Wjh,2023-04-26T10:48:05.000Z,-4.576113333,55.463628333,0,1
4014a480-37a2-4872-a8b9-b586924b8211,00148,false,1026.19,29.78,5,38.26,2.84,298.1384136100005,This is a test.,yjk9PJcdm88Vqai9,2023-04-26T10:48:05.000Z,-4.576113333,55.463628333,0,1
4014a480-37a2-4872-a8b9-b586924b8211,00149,false,1026.73,29.78,5,38.26,2.84,300.1421618860004,This is a test.,Dbmc3PfqQH6hrLaP,2023-04-26T10:48:05.000Z,-4.576113333,55.463628333,0,1
79ff27a0-a49c-4a92-b91d-ff5decd07680,000000,false,1026.69,29.81,19,38.26,2.89,1.5218096969999806,This is a test.,b9XUP6jXnqkvDDIW,2023-04-26T11:03:59.000Z,-4.576495,55.462545,4,3
79ff27a0-a49c-4a92-b91d-ff5decd07680,000001,false,1026.98,29.81,19,38.26,2.89,3.5355593230000295,This is a test.,53Ez4ych8bL6MpZL,2023-04-26T11:04:01.000Z,-4.576496667,55.462548333,4,3
79ff27a0-a49c-4a92-b91d-ff5decd07680,000002,false,1026.56,29.83,20,38.26,2.89,5.540535269000031,This is a test.,mnSox19uqpvBGPTl,2023-04-26T11:04:03.000Z,-4.576496667,55.462548333,4,3
79ff27a0-a49c-4a92-b91d-ff5decd07680,000003,false,1027.41,29.82,20,38.26,2.9,7.542429469000012,This is a test.,uSLFKEGHpIYfUCHz,2023-04-26T11:04:05.000Z,-4.576496667,55.462548333,4,3
79ff27a0-a49c-4a92-b91d-ff5decd07680,000004,false,1026.96,29.82,20,38.26,2.89,9.547340857999984,This is a test.,sANl7mygpUOrwVl0,2023-04-26T11:04:07.000Z,-4.576498333,55.46255,4,3
79ff27a0-a49c-4a92-b91d-ff5decd07680,000005,false,1026.88,29.83,20,38.26,2.89,11.549373471000024,This is a test.,mlDSwXmZuoq128LQ,2023-04-26T11:04:09.000Z,-4.576498333,55.462548333,4,3
79ff27a0-a49c-4a92-b91d-ff5decd07680,000006,false,1027.1,29.82,20,38.26,2.89,13.555819238000026,This is a test.,bJFAoheiyo7PQLPw,2023-04-26T11:04:11.000Z,-4.576498333,55.462548333,4,3
79ff27a0-a49c-4a92-b91d-ff5decd07680,000007,false,1026.36,29.84,20,38.26,2.89,15.568940132000023,This is a test.,uCkAjrMm51zuptly,2023-04-26T11:04:13.000Z,-4.576498333,55.462546667,4,3
79ff27a0-a49c-4a92-b91d-ff5decd07680,000008,false,1026.87,29.84,20,38.26,2.89,17.578784219,This is a test.,jtWGQen1f4aL7rVZ,2023-04-26T11:04:15.000Z,-4.5765,55.462546667,4,3
79ff27a0-a49c-4a92-b91d-ff5decd07680,000009,false,1026.62,29.83,20,38.26,2.89,19.57727255100002,This is a test.,BwSS86WIMqIaGIsO,2023-04-26T11:04:17.000Z,-4.5765,55.462546667,4,3
79ff27a0-a49c-4a92-b91d-ff5decd07680,000010,false,1026.89,29.83,20,38.26,2.89,21.583093969000004,This is a test.,3DgLckNCNSbSrRsT,2023-04-26T11:04:19.000Z,-4.576498333,55.462546667,4,3
79ff27a0-a49c-4a92-b91d-ff5decd07680,000011,false,1026.87,29.84,20,38.26,2.89,23.576426621999985,This is a test.,F9HmDUL3DsP3d9Vy,2023-04-26T11:04:21.000Z,-4.576496667,55.462546667,4,3
79ff27a0-a49c-4a92-b91d-ff5decd07680,000012,false,1026.73,29.82,20,38.26,2.88,25.586941729999978,This is a test.,Unm44incVw9dhWCh,2023-04-26T11:04:23.000Z,-4.576495,55.462546667,4,3
79ff27a0-a49c-4a92-b91d-ff5decd07680,000013,false,1026.65,29.82,20,38.26,2.88,27.587848243999986,This is a test.,kkJiG0JsRgedt3Gz,2023-04-26T11:04:25.000Z,-4.576493333,55.462546667,4,3
79ff27a0-a49c-4a92-b91d-ff5decd07680,000014,false,1026.38,29.83,20,38.26,2.88,29.58675815600003,This is a test.,9Ok4LR8v8IbhTX3d,2023-04-26T11:04:27.000Z,-4.576491667,55.46255,4,3
79ff27a0-a49c-4a92-b91d-ff5decd07680,000015,false,1026.78,29.84,20,38.26,2.88,31.590224914000032,This is a test.,5is7jxbCO9J6Ry6X,2023-04-26T11:04:29.000Z,-4.576488333,55.462551667,4,3
79ff27a0-a49c-4a92-b91d-ff5decd07680,000016,false,1026.96,29.83,20,38.26,2.88,33.60539201400002,This is a test.,tL5OHAaUNQtwdrW1,2023-04-26T11:04:31.000Z,-4.576485,55.462553333,4,3
79ff27a0-a49c-4a92-b91d-ff5decd07680,000017,false,1026.28,29.82,20,38.26,2.88,35.59522652700002,This is a test.,bJm8zi6z1aqT37zT,2023-04-26T11:04:33.000Z,-4.57648,55.462553333,4,3
79ff27a0-a49c-4a92-b91d-ff5decd07680,000018,false,1026.14,29.83,20,38.26,2.88,37.60902536200001,This is a test.,BYyMDXOxUPAVlMdt,2023-04-26T11:04:35.000Z,-4.576475,55.462555,4,3
79ff27a0-a49c-4a92-b91d-ff5decd07680,000019,false,1026.6,29.81,20,38.26,2.89,39.613760635000006,This is a test.,I0nc9YLGKxRvRx23,2023-04-26T11:04:37.000Z,-4.576463333,55.462563333,4,3
79ff27a0-a49c-4a92-b91d-ff5decd07680,000020,false,1027,29.83,20,38.26,2.89,41.61698960799998,This is a test.,ONJeUHCCYCgXxPCu,2023-04-26T11:04:39.000Z,-4.57645,55.46257,4,3
79ff27a0-a49c-4a92-b91d-ff5decd07680,000021,false,1026.69,29.82,20,38.26,2.89,43.621089203999986,This is a test.,Ha9RKXLJEUKmKquR,2023-04-26T11:04:41.000Z,-4.576443333,55.462573333,4,3
79ff27a0-a49c-4a92-b91d-ff5decd07680,000022,false,1026.93,29.82,20,38.26,2.89,45.622232422000025,This is a test.,pxtVREhEr9iiJQP8,2023-04-26T11:04:43.000Z,-4.57644,55.462575,4,3
79ff27a0-a49c-4a92-b91d-ff5decd07680,000023,false,1026.72,29.84,20,38.26,2.89,47.62917083000002,This is a test.,WIrCu866SnNi4brj,2023-04-26T11:04:45.000Z,-4.576438333,55.462575,4,3
79ff27a0-a49c-4a92-b91d-ff5decd07680,000024,false,1026.49,29.82,20,38.26,2.89,49.63184382999998,This is a test.,Nok2DfFl5zLnJZxJ,2023-04-26T11:04:47.000Z,-4.576438333,55.462576667,4,3
79ff27a0-a49c-4a92-b91d-ff5decd07680,000025,false,1026.39,29.82,20,38.26,2.89,51.624851561000014,This is a test.,nqrdAxF5MivHpG5M,2023-04-26T11:04:49.000Z,-4.576438333,55.462576667,4,3
79ff27a0-a49c-4a92-b91d-ff5decd07680,000026,false,1026.88,29.81,20,38.26,2.9,53.64212237600003,This is a test.,zd5oB2B1pXTYnVrz,2023-04-26T11:04:51.000Z,-4.576441667,55.462576667,4,3
79ff27a0-a49c-4a92-b91d-ff5decd07680,000027,false,1026.86,29.81,20,38.26,2.9,55.64371808200002,This is a test.,RFbZtMzm6gWYGotG,2023-04-26T11:04:53.000Z,-4.576445,55.462576667,4,3
79ff27a0-a49c-4a92-b91d-ff5decd07680,000028,false,1026.36,29.82,20,38.26,2.89,57.64917861600003,This is a test.,iODCeJYkiBGbkapd,2023-04-26T11:04:55.000Z,-4.576446667,55.462578333,4,3
79ff27a0-a49c-4a92-b91d-ff5decd07680,000029,false,1026.15,29.81,20,38.26,2.89,59.65244629,This is a test.,zASu6Ze0o3tVN8c4,2023-04-26T11:04:57.000Z,-4.576451667,55.46258,4,3
79ff27a0-a49c-4a92-b91d-ff5decd07680,000030,false,1026.36,29.83,20,38.26,2.89,61.65813080700002,This is a test.,SApYA04Sl58FqLxT,2023-04-26T11:04:59.000Z,-4.576456667,55.462585,4,3
79ff27a0-a49c-4a92-b91d-ff5decd07680,000031,false,1026.42,29.82,20,38.26,2.89,63.66273029900003,This is a test.,whiVlQAQZEuS2Kax,2023-04-26T11:05:01.000Z,-4.57643,55.462578333,4,3
79ff27a0-a49c-4a92-b91d-ff5decd07680,000032,false,1026.59,29.81,20,38.26,2.89,65.66176285900002,This is a test.,R3jT5LnGeuYJbFCn,2023-04-26T11:05:03.000Z,-4.577045,55.462595,5,3
79ff27a0-a49c-4a92-b91d-ff5decd07680,000033,false,1026.51,29.82,20,38.26,2.89,67.66573300800002,This is a test.,X9b0W9vXlq1ZxFXY,2023-04-26T11:05:05.000Z,-4.57705,55.462595,5,3
79ff27a0-a49c-4a92-b91d-ff5decd07680,000034,false,1026.72,29.82,20,38.26,2.89,69.668634919,This is a test.,PwMPJ4Z51jiCZxVG,2023-04-26T11:05:07.000Z,-4.577055,55.462596667,5,3
79ff27a0-a49c-4a92-b91d-ff5decd07680,000035,false,1026.29,29.84,20,38.26,2.89,71.67206547799998,This is a test.,rEf4kkWnJQXUx5XA,2023-04-26T11:05:09.000Z,-4.577058333,55.4626,5,3
79ff27a0-a49c-4a92-b91d-ff5decd07680,000036,false,1026.39,29.8,20,38.26,2.89,73.67596566100002,This is a test.,xMEv3LKS8d70ZVRb,2023-04-26T11:05:11.000Z,-4.577061667,55.462603333,5,3
79ff27a0-a49c-4a92-b91d-ff5decd07680,000037,false,1026.06,29.82,20,38.26,2.89,75.68175634099998,This is a test.,rdv1V45y9mSrEQQ9,2023-04-26T11:05:13.000Z,-4.577065,55.462605,5,3
79ff27a0-a49c-4a92-b91d-ff5decd07680,000038,false,1026.45,29.81,20,38.26,2.89,77.69772517299998,This is a test.,OtLUCLpKh2hvDlP5,2023-04-26T11:05:15.000Z,-4.577068333,55.462606667,5,3
79ff27a0-a49c-4a92-b91d-ff5decd07680,000039,false,1026.39,29.81,20,38.26,2.9,79.69773006399998,This is a test.,46O5wBpfwJ0GcMIN,2023-04-26T11:05:17.000Z,-4.577071667,55.46261,5,3
79ff27a0-a49c-4a92-b91d-ff5decd07680,000040,false,1026.7,29.8,20,38.26,2.9,81.69287552899999,This is a test.,xyETPx9QxqE3qyZ1,2023-04-26T11:05:19.000Z,-4.577075,55.46261,5,3
79ff27a0-a49c-4a92-b91d-ff5decd07680,000041,false,1026.77,29.8,20,38.26,2.89,83.69755103699998,This is a test.,vvF4ZmoH0tD4whet,2023-04-26T11:05:21.000Z,-4.577078333,55.46261,5,3
79ff27a0-a49c-4a92-b91d-ff5decd07680,000042,false,1026.64,29.83,20,38.26,2.89,85.697682053,This is a test.,tzeWszFVvtuLdQWL,2023-04-26T11:05:23.000Z,-4.577081667,55.46261,5,3
79ff27a0-a49c-4a92-b91d-ff5decd07680,000043,false,1027.06,29.79,20,38.26,2.89,87.70661707200003,This is a test.,xuyDT9tn7rkGNwE0,2023-04-26T11:05:25.000Z,-4.577086667,55.462611667,5,3
79ff27a0-a49c-4a92-b91d-ff5decd07680,000044,false,1026.21,29.8,20,38.26,2.89,89.715140368,This is a test.,s12MD8zher4HCpw3,2023-04-26T11:05:27.000Z,-4.577091667,55.462613333,5,3
79ff27a0-a49c-4a92-b91d-ff5decd07680,000045,false,1026.22,29.82,20,38.26,2.89,91.71821406100003,This is a test.,6XT5Gn0j7Pt2IOfj,2023-04-26T11:05:29.000Z,-4.577096667,55.462613333,5,3
79ff27a0-a49c-4a92-b91d-ff5decd07680,000046,false,1026.61,29.81,20,38.26,2.89,93.728806695,This is a test.,bFNiytpCbVuyqcoB,2023-04-26T11:05:31.000Z,-4.5771,55.462616667,5,3
79ff27a0-a49c-4a92-b91d-ff5decd07680,000047,false,1027.12,29.86,20,38.26,2.89,95.72787783400003,This is a test.,JEhMm7Iz6ECxx670,2023-04-26T11:05:33.000Z,-4.577103333,55.46262,5,3
79ff27a0-a49c-4a92-b91d-ff5decd07680,000048,false,1026.77,29.84,20,38.26,2.89,97.73085095800002,This is a test.,x1vTbRLuVDB7upMx,2023-04-26T11:05:35.000Z,-4.577106667,55.462623333,5,3
79ff27a0-a49c-4a92-b91d-ff5decd07680,000049,false,1026.9,29.82,20,38.26,2.89,99.73257719399999,This is a test.,BPuT50zPb2dYHCHv,2023-04-26T11:05:37.000Z,-4.577106667,55.462623333,5,3
79ff27a0-a49c-4a92-b91d-ff5decd07680,000050,false,1026.12,29.8,20,38.26,2.89,101.74860405100003,This is a test.,1oDu4m9698mRvYMr,2023-04-26T11:05:39.000Z,-4.577106667,55.462621667,5,3
79ff27a0-a49c-4a92-b91d-ff5decd07680,000051,false,1026.75,29.79,20,38.26,2.88,103.743454526,This is a test.,uAqedrlb07rF2WuN,2023-04-26T11:05:41.000Z,-4.577108333,55.46262,5,3
79ff27a0-a49c-4a92-b91d-ff5decd07680,000052,false,1026,29.87,20,38.26,2.89,105.74671874,This is a test.,llluFIAZ8g3j7O2D,2023-04-26T11:05:43.000Z,-4.577108333,55.462618333,5,3
79ff27a0-a49c-4a92-b91d-ff5decd07680,000053,false,1026.96,29.87,20,38.26,2.89,107.75068786899999,This is a test.,hY2iq5IeyFIZ8qSF,2023-04-26T11:05:45.000Z,-4.577108333,55.46262,5,3
79ff27a0-a49c-4a92-b91d-ff5decd07680,000054,false,1026.77,29.85,20,38.26,2.88,109.75377893799998,This is a test.,CXI5OUPr9eykXZd9,2023-04-26T11:05:47.000Z,-4.577108333,55.462621667,5,3
79ff27a0-a49c-4a92-b91d-ff5decd07680,000055,false,1025.93,29.78,20,38.26,2.89,111.75756988199998,This is a test.,IeIMr9BWsgmIF0g6,2023-04-26T11:05:49.000Z,-4.577108333,55.462623333,5,3
79ff27a0-a49c-4a92-b91d-ff5decd07680,000056,false,1026.5,29.8,20,38.26,2.88,113.760833692,This is a test.,CBg51ANdMiRDwGck,2023-04-26T11:05:51.000Z,-4.57711,55.462623333,5,3
79ff27a0-a49c-4a92-b91d-ff5decd07680,000057,false,1026.58,29.88,20,38.26,2.88,115.76346635499999,This is a test.,oi5ok0b3VQbyPMey,2023-04-26T11:05:53.000Z,-4.57711,55.462623333,5,3
79ff27a0-a49c-4a92-b91d-ff5decd07680,000058,false,1026.47,29.86,20,38.26,2.88,117.77053970700001,This is a test.,JfPuoPaxFUKPhNw5,2023-04-26T11:05:55.000Z,-4.57711,55.462621667,5,3
79ff27a0-a49c-4a92-b91d-ff5decd07680,000059,false,1026.41,29.86,20,38.26,2.88,119.771709004,This is a test.,n96apJW01u8hYlah,2023-04-26T11:05:57.000Z,-4.577108333,55.46262,5,3
79ff27a0-a49c-4a92-b91d-ff5decd07680,000060,false,1026.21,29.91,20,38.26,2.88,121.779738883,This is a test.,yf6giR3DFirnBkc5,2023-04-26T11:05:59.000Z,-4.577106667,55.462618333,5,3
79ff27a0-a49c-4a92-b91d-ff5decd07680,000061,false,1026.52,29.79,20,38.26,2.88,123.78399959300003,This is a test.,MQDJ7sgqJNVqEYSh,2023-04-26T11:06:01.000Z,-4.577103333,55.462616667,5,3
79ff27a0-a49c-4a92-b91d-ff5decd07680,000062,false,1026.63,29.91,20,38.26,2.88,125.78441710600003,This is a test.,nWfh49epnzMCus3O,2023-04-26T11:06:03.000Z,-4.577101667,55.462615,5,3
79ff27a0-a49c-4a92-b91d-ff5decd07680,000063,false,1026.68,29.8,20,38.26,2.88,127.78985618600001,This is a test.,XDpgWJnR1Fhc8PJl,2023-04-26T11:06:05.000Z,-4.577101667,55.462611667,5,3
79ff27a0-a49c-4a92-b91d-ff5decd07680,000064,false,1026.22,29.91,20,38.26,2.88,129.79257499700003,This is a test.,hL6bD9kLDYsZx0ts,2023-04-26T11:06:07.000Z,-4.577101667,55.46261,5,3
79ff27a0-a49c-4a92-b91d-ff5decd07680,000065,false,1026.71,29.78,20,38.26,2.88,131.796555431,This is a test.,RikOD2lr0SvtPjPq,2023-04-26T11:06:09.000Z,-4.577101667,55.462608333,5,3
79ff27a0-a49c-4a92-b91d-ff5decd07680,000066,false,1027.15,29.92,20,38.26,2.88,133.800421491,This is a test.,OXnITAWT8Kki1E4h,2023-04-26T11:06:11.000Z,-4.577101667,55.462608333,5,3
79ff27a0-a49c-4a92-b91d-ff5decd07680,000067,false,1026.92,29.81,20,38.26,2.88,135.80936505800003,This is a test.,ZNQlyOtTy0Z29jFN,2023-04-26T11:06:13.000Z,-4.577101667,55.462606667,5,3
79ff27a0-a49c-4a92-b91d-ff5decd07680,000068,false,1026.82,29.81,20,38.26,2.88,137.823997092,This is a test.,jJDT8OpoGAmLoIMN,2023-04-26T11:06:15.000Z,-4.577103333,55.462605,5,3
79ff27a0-a49c-4a92-b91d-ff5decd07680,000069,false,1026.34,29.82,20,38.26,2.88,139.83292682799998,This is a test.,aA8Ra44oqFrw9R3J,2023-04-26T11:06:17.000Z,-4.577103333,55.462605,5,3
79ff27a0-a49c-4a92-b91d-ff5decd07680,000070,false,1026.66,29.82,20,38.26,2.88,141.81853261999998,This is a test.,bmZoVSmGoXpoVNAs,2023-04-26T11:06:19.000Z,-4.577105,55.462603333,5,3
79ff27a0-a49c-4a92-b91d-ff5decd07680,000071,false,1026.83,29.95,20,38.26,2.88,143.820591584,This is a test.,UpapI4cjqgaAnQ8a,2023-04-26T11:06:21.000Z,-4.577105,55.462601667,5,3
79ff27a0-a49c-4a92-b91d-ff5decd07680,000072,false,1026.97,29.82,20,38.26,2.88,145.835836794,This is a test.,tXrvIiNL8xgDcDTM,2023-04-26T11:06:23.000Z,-4.577105,55.4626,5,3
79ff27a0-a49c-4a92-b91d-ff5decd07680,000073,false,1026.93,29.96,20,38.26,2.88,147.839796746,This is a test.,4rSnifI0h6kJKXV6,2023-04-26T11:06:25.000Z,-4.577106667,55.4626,5,3
79ff27a0-a49c-4a92-b91d-ff5decd07680,000074,false,1026.75,29.83,20,38.26,2.88,149.84588214500002,This is a test.,SFCqWaylpP0sZlbA,2023-04-26T11:06:27.000Z,-4.577106667,55.462598333,5,3
79ff27a0-a49c-4a92-b91d-ff5decd07680,000075,false,1026.76,29.93,20,38.26,2.88,151.85199601700003,This is a test.,1BfFDLWsTwoMCDYi,2023-04-26T11:06:29.000Z,-4.577106667,55.462596667,5,3
79ff27a0-a49c-4a92-b91d-ff5decd07680,000076,false,1026.64,29.87,20,38.26,2.87,153.85739536200003,This is a test.,NxRtNs03dyWBWyxt,2023-04-26T11:06:31.000Z,-4.577106667,55.462595,5,3
79ff27a0-a49c-4a92-b91d-ff5decd07680,000077,false,1026.64,29.88,20,38.26,2.87,155.858274236,This is a test.,LgZti6lfZOuTAkzl,2023-04-26T11:06:33.000Z,-4.577106667,55.462591667,5,3
79ff27a0-a49c-4a92-b91d-ff5decd07680,000078,false,1026.56,29.98,20,38.26,2.87,157.858350557,This is a test.,dFm5x510fp1M9UPI,2023-04-26T11:06:36.000Z,-4.577106667,55.462588333,5,3
79ff27a0-a49c-4a92-b91d-ff5decd07680,000079,false,1026.65,29.89,20,38.26,2.87,159.86217021599998,This is a test.,3L3hIOpxWTn0qaVA,2023-04-26T11:06:37.000Z,-4.577108333,55.462588333,5,3
79ff27a0-a49c-4a92-b91d-ff5decd07680,000080,false,1025.99,29.91,20,38.26,2.87,161.86843223300002,This is a test.,ue0KyMAl4xa8BYzP,2023-04-26T11:06:40.000Z,-4.577106667,55.462586667,5,3
79ff27a0-a49c-4a92-b91d-ff5decd07680,000081,false,1026.47,29.88,20,38.26,2.87,163.86923574500003,This is a test.,BgQFx5kXipVXMEj7,2023-04-26T11:06:42.000Z,-4.577105,55.462586667,5,3
79ff27a0-a49c-4a92-b91d-ff5decd07680,000082,false,1026.77,29.95,20,38.26,2.87,165.874385554,This is a test.,KzFNIc9ETq2ygnRq,2023-04-26T11:06:44.000Z,-4.577105,55.462588333,5,3
79ff27a0-a49c-4a92-b91d-ff5decd07680,000083,false,1026.82,29.95,20,38.26,2.87,167.88656660100003,This is a test.,rDRZGZ7IbucArEhv,2023-04-26T11:06:46.000Z,-4.577105,55.462588333,5,3
79ff27a0-a49c-4a92-b91d-ff5decd07680,000084,false,1026.32,29.95,20,38.26,2.87,169.881586325,This is a test.,BBFKZgcBo7tcn4Ft,2023-04-26T11:06:48.000Z,-4.577105,55.46259,5,3
79ff27a0-a49c-4a92-b91d-ff5decd07680,000085,false,1026.64,29.96,20,38.26,2.87,171.88026532100002,This is a test.,vU7q4zmo06ucuOGh,2023-04-26T11:06:50.000Z,-4.577105,55.46259,5,3
79ff27a0-a49c-4a92-b91d-ff5decd07680,000086,false,1026.7,29.92,20,38.26,2.87,173.88670550900002,This is a test.,kWyChsxbNImPur6T,2023-04-26T11:06:52.000Z,-4.577101667,55.46259,5,3
79ff27a0-a49c-4a92-b91d-ff5decd07680,000087,false,1026.46,29.89,20,38.26,2.86,175.88650213800003,This is a test.,GgmpUhqXFOEbP0kg,2023-04-26T11:06:54.000Z,-4.5771,55.46259,5,3
79ff27a0-a49c-4a92-b91d-ff5decd07680,000088,false,1026.43,29.94,20,38.26,2.86,177.888389046,This is a test.,oixDCyK8srKoxY6D,2023-04-26T11:06:56.000Z,-4.577098333,55.46259,5,3
79ff27a0-a49c-4a92-b91d-ff5decd07680,000089,false,1026.23,29.88,20,38.26,2.86,179.891423235,This is a test.,ChfPYqz2ubvJ0bhd,2023-04-26T11:06:58.000Z,-4.577096667,55.462591667,5,3
79ff27a0-a49c-4a92-b91d-ff5decd07680,000090,false,1026.41,29.89,20,38.26,2.86,181.89713766900002,This is a test.,0baiCMPLUDzjJNNo,2023-04-26T11:07:00.000Z,-4.577095,55.462593333,5,3
79ff27a0-a49c-4a92-b91d-ff5decd07680,000091,false,1026.69,29.94,20,38.26,2.87,183.897461486,This is a test.,VEobXcZcSD1tnyd2,2023-04-26T11:07:01.000Z,-4.577095,55.462593333,5,3
79ff27a0-a49c-4a92-b91d-ff5decd07680,000092,false,1026.11,29.99,20,38.26,2.87,185.90144150700002,This is a test.,jPpUXfspHuNJh8mC,2023-04-26T11:07:03.000Z,-4.577095,55.462591667,5,3
79ff27a0-a49c-4a92-b91d-ff5decd07680,000093,false,1026.17,29.99,20,38.26,2.87,187.908013752,This is a test.,GaIEbDaAEGPXoOBz,2023-04-26T11:07:05.000Z,-4.577098333,55.462593333,5,3
79ff27a0-a49c-4a92-b91d-ff5decd07680,000094,false,1026.64,29.96,20,38.26,2.87,189.91004033000002,This is a test.,EZ9gjkcNYqLpNJM9,2023-04-26T11:07:07.000Z,-4.5771,55.462595,5,3
2ebe97dd-ac41-4741-bed6-08d94a519c3f,000000,false,1026.6,29.93,21,38.26,2.86,1.5417829939999592,This is a test.,bmiZl8ZGrEtVrLKq,2023-04-26T11:09:23.000Z,-4.577033333,55.462566667,5,3
2ebe97dd-ac41-4741-bed6-08d94a519c3f,000001,false,1026.44,29.97,21,38.26,2.86,3.5265959780000458,This is a test.,01F19ADzf4SCa1Ru,2023-04-26T11:09:25.000Z,-4.577033333,55.462565,5,3
2ebe97dd-ac41-4741-bed6-08d94a519c3f,000002,false,1026.56,29.94,21,38.26,2.87,5.5650932610000154,This is a test.,QtulBuuKIcN1ApN1,2023-04-26T11:09:27.000Z,-4.577035,55.462563333,6,3
2ebe97dd-ac41-4741-bed6-08d94a519c3f,000003,false,1026.43,29.93,21,38.26,2.87,7.560857153000029,This is a test.,nhI434uizrlldzA0,2023-04-26T11:09:29.000Z,-4.577035,55.462561667,6,3ff207f3a-54a2-4a6f-b742-44ff9909d864,000000,false,1026.1,29.93,20,38.26,2.86,1.5313797679998515,This is a test.,ubIRw4YyLoaboCKb,2023-04-26T11:19:23.000Z,-4.57689,55.462595,6,3
ff207f3a-54a2-4a6f-b742-44ff9909d864,000001,false,1025.27,29.91,20,38.26,2.87,3.5405156079998505,This is a test.,VFN48tGptCgz0slz,2023-04-26T11:19:25.000Z,-4.576891667,55.462595,6,3
ff207f3a-54a2-4a6f-b742-44ff9909d864,000002,false,1025.52,29.9,20,38.26,2.86,5.544180404999906,This is a test.,jDx6xYOLBeTktROF,2023-04-26T11:19:27.000Z,-4.57689,55.462595,11,3
ff207f3a-54a2-4a6f-b742-44ff9909d864,000003,false,1025.66,29.93,20,38.26,2.86,7.542765233999944,This is a test.,x4OwIhxHbnOvh3Ti,2023-04-26T11:19:29.000Z,-4.576885,55.462596667,11,3
ff207f3a-54a2-4a6f-b742-44ff9909d864,000004,false,1025.88,29.89,20,38.26,2.86,9.547427326999923,This is a test.,NgFtc70p4a0NEozL,2023-04-26T11:19:31.000Z,-4.576885,55.462595,11,3
ff207f3a-54a2-4a6f-b742-44ff9909d864,000005,false,1025.92,29.92,20,38.26,2.87,11.551825739999913,This is a test.,vEjkusEJDE8mVTDk,2023-04-26T11:19:33.000Z,-4.576888333,55.462586667,11,3